{"stats":{"minecraft:mined":{"minecraft:tuff":3,"minecraft:acacia_leaves":1,"minecraft:white_bed":4,"minecraft:deepslate_diamond_ore":11,"minecraft:oak_door":3,"minecraft:dandelion":2,"minecraft:crafting_table":4,"minecraft:short_grass":44,"minecraft:acacia_log":12,"minecraft:grass_block":4,"minecraft:poppy":1,"minecraft:melon":9,"minecraft:sculk_sensor":1,"minecraft:tall_grass":1,"minecraft:cobblestone":2,"minecraft:oak_planks":15,"minecraft:wall_torch":1,"minecraft:hay_block":41,"minecraft:oak_trapdoor":8,"minecraft:furnace":1,"minecraft:iron_ore":42,"minecraft:stripped_oak_wood":1,"minecraft:yellow_bed":2,"minecraft:bell":1,"minecraft:pointed_dripstone":15,"minecraft:dirt_path":6,"minecraft:oak_log":36,"minecraft:coal_ore":18,"minecraft:vine":1,"minecraft:gravel":6,"minecraft:dripstone_block":1,"minecraft:stone":61,"minecraft:deepslate":13,"minecraft:white_wool":2,"minecraft:oak_leaves":5,"minecraft:fern":2},"minecraft:custom":{"minecraft:interact_with_furnace":17,"minecraft:mob_kills":43,"minecraft:interact_with_crafting_table":24,"minecraft:bell_ring":50,"minecraft:leave_game":1,"minecraft:time_since_death":8041,"minecraft:sleep_in_bed":3,"minecraft:climb_one_cm":2309,"minecraft:time_since_rest":8095,"minecraft:sprint_one_cm":369754,"minecraft:damage_taken":2508,"minecraft:walk_one_cm":226594,"minecraft:drop":54,"minecraft:damage_dealt":5215,"minecraft:swim_one_cm":63504,"minecraft:fly_one_cm":389386,"minecraft:open_chest":5,"minecraft:crouch_one_cm":10204,"minecraft:play_time":87255,"minecraft:sneak_time":2776,"minecraft:deaths":3,"minecraft:walk_under_water_one_cm":12737,"minecraft:boat_one_cm":18573,"minecraft:jump":2112,"minecraft:walk_on_water_one_cm":65286,"minecraft:total_world_time":87255,"minecraft:fall_one_cm":68589},"minecraft:crafted":{"minecraft:oak_planks":144,"minecraft:diamond_sword":1,"minecraft:crafting_table":6,"minecraft:iron_helmet":1,"minecraft:wooden_pickaxe":1,"minecraft:furnace":3,"minecraft:stone_axe":1,"minecraft:bread":104,"minecraft:cooked_mutton":8,"minecraft:acacia_boat":1,"minecraft:iron_boots":1,"minecraft:wooden_hoe":1,"minecraft:stick":20,"minecraft:iron_ingot":22,"minecraft:iron_leggings":1,"minecraft:iron_pickaxe":1,"minecraft:stone_pickaxe":1,"minecraft:wooden_axe":1,"minecraft:stone_sword":1,"minecraft:chest":1,"minecraft:white_bed":5,"minecraft:acacia_planks":44,"minecraft:torch":12,"minecraft:shears":1,"minecraft:wheat":360},"minecraft:killed_by":{"minecraft:player":1},"minecraft:picked_up":{"minecraft:crafting_table":5,"minecraft:feather":4,"minecraft:chicken":5,"minecraft:glow_ink_sac":3,"minecraft:salmon":2,"minecraft:leather":5,"minecraft:wooden_pickaxe":1,"minecraft:flint":2,"minecraft:oak_log":36,"minecraft:lily_pad":4,"minecraft:yellow_bed":2,"minecraft:oak_trapdoor":8,"minecraft:string":4,"minecraft:dirt":33,"minecraft:bone":4,"minecraft:acacia_planks":15,"minecraft:bow":1,"minecraft:wheat_seeds":4,"minecraft:cobbled_deepslate":13,"minecraft:bell":1,"minecraft:beef":9,"minecraft:iron_ingot":1,"minecraft:stripped_oak_wood":1,"minecraft:poppy":2,"minecraft:melon_slice":32,"minecraft:oak_planks":14,"minecraft:acacia_sapling":1,"minecraft:furnace":1,"minecraft:raw_iron":45,"minecraft:stick":4,"minecraft:oak_door":3,"minecraft:dripstone_block":1,"minecraft:torch":7,"minecraft:dandelion":2,"minecraft:acacia_log":12,"minecraft:gravel":11,"minecraft:porkchop":3,"minecraft:pointed_dripstone":27,"minecraft:white_bed":4,"minecraft:arrow":8,"minecraft:rotten_flesh":15,"minecraft:diamond":11,"minecraft:stone_axe":1,"minecraft:hay_block":40,"minecraft:gray_wool":4,"minecraft:bread":31,"minecraft:rail":1,"minecraft:mutton":13,"minecraft:coal":36,"minecraft:white_wool":26,"minecraft:cobblestone":89,"minecraft:oxeye_daisy":1},"minecraft:used":{"minecraft:oak_trapdoor":7,"minecraft:cooked_mutton":2,"minecraft:acacia_boat":1,"minecraft:stone_sword":86,"minecraft:stone_pickaxe":104,"minecraft:oak_planks":124,"minecraft:chest":1,"minecraft:wooden_pickaxe":12,"minecraft:bell":1,"minecraft:rotten_flesh":1,"minecraft:salmon":2,"minecraft:oak_door":2,"minecraft:white_wool":5,"minecraft:torch":23,"minecraft:dirt":7,"minecraft:mutton":4,"minecraft:crafting_table":10,"minecraft:white_bed":9,"minecraft:wooden_axe":7,"minecraft:wooden_hoe":43,"minecraft:bread":23,"minecraft:melon_slice":25,"minecraft:iron_pickaxe":59,"minecraft:gravel":3,"minecraft:diamond_sword":36,"minecraft:stone_axe":95,"minecraft:cobblestone":19,"minecraft:bow":1,"minecraft:porkchop":3,"minecraft:stripped_oak_wood":1,"minecraft:furnace":4,"minecraft:yellow_bed":2,"minecraft:cobbled_deepslate":8,"minecraft:gray_wool":4,"minecraft:pointed_dripstone":4},"minecraft:dropped":{"minecraft:bread":82,"minecraft:wooden_axe":1,"minecraft:white_wool":1},"minecraft:killed":{"minecraft:pig":2,"minecraft:zombie_villager":1,"minecraft:salmon":2,"minecraft:sheep":10,"minecraft:skeleton":4,"minecraft:zombie":11,"minecraft:chicken":5,"minecraft:cow":4}},"DataVersion":3953}