{"stats":{"minecraft:used":{"minecraft:dirt":10},"minecraft:mined":{"minecraft:tall_grass":1,"minecraft:grass_block":11,"minecraft:dandelion":1,"minecraft:dirt":5},"minecraft:custom":{"minecraft:jump":33,"minecraft:time_since_rest":1128,"minecraft:leave_game":1,"minecraft:crouch_one_cm":126,"minecraft:sprint_one_cm":2066,"minecraft:play_time":1128,"minecraft:time_since_death":1128,"minecraft:walk_one_cm":3464,"minecraft:sneak_time":53,"minecraft:total_world_time":1128,"minecraft:fly_one_cm":3025},"minecraft:picked_up":{"minecraft:wheat_seeds":1,"minecraft:dandelion":1,"minecraft:dirt":15}},"DataVersion":3953}