{"stats":{"minecraft:used":{"minecraft:cooked_mutton":9,"minecraft:diorite":2,"minecraft:stone_pickaxe":59,"minecraft:wooden_pickaxe":8,"minecraft:shield":9,"minecraft:dirt":24,"minecraft:crafting_table":5,"minecraft:white_bed":2,"minecraft:iron_axe":25,"minecraft:iron_pickaxe":163,"minecraft:stone_axe":10,"minecraft:cobblestone":10,"minecraft:furnace":1,"minecraft:cobbled_deepslate":6},"minecraft:dropped":{"minecraft:gravel":7,"minecraft:oak_slab":6,"minecraft:rotten_flesh":3,"minecraft:flint":1,"minecraft:andesite":2,"minecraft:wooden_pickaxe":1},"minecraft:killed_by":{"minecraft:zombie":1},"minecraft:mined":{"minecraft:diamond_ore":1,"minecraft:deepslate_diamond_ore":1,"minecraft:crafting_table":4,"minecraft:short_grass":2,"minecraft:grass_block":1,"minecraft:deepslate_coal_ore":2,"minecraft:diorite":2,"minecraft:furnace":1,"minecraft:iron_ore":33,"minecraft:andesite":9,"minecraft:oak_log":9,"minecraft:coal_ore":46,"minecraft:deepslate_iron_ore":3,"minecraft:dirt":1,"minecraft:stone":108,"minecraft:oak_leaves":1,"minecraft:deepslate":24},"minecraft:custom":{"minecraft:interact_with_furnace":10,"minecraft:mob_kills":19,"minecraft:interact_with_crafting_table":11,"minecraft:time_since_death":22737,"minecraft:sleep_in_bed":2,"minecraft:time_since_rest":10121,"minecraft:sprint_one_cm":65836,"minecraft:damage_taken":894,"minecraft:walk_one_cm":107011,"minecraft:damage_blocked_by_shield":788,"minecraft:drop":8,"minecraft:damage_dealt":2931,"minecraft:fly_one_cm":17104,"minecraft:crouch_one_cm":12276,"minecraft:play_time":25853,"minecraft:deaths":1,"minecraft:sneak_time":4988,"minecraft:jump":396,"minecraft:walk_on_water_one_cm":2000,"minecraft:total_world_time":25853,"minecraft:fall_one_cm":3083},"minecraft:killed":{"minecraft:sheep":6,"minecraft:skeleton":4,"minecraft:zombie":7,"minecraft:cow":1},"minecraft:picked_up":{"minecraft:crafting_table":4,"minecraft:andesite":5,"minecraft:leather":2,"minecraft:flint":2,"minecraft:oak_log":9,"minecraft:gunpowder":1,"minecraft:dirt":26,"minecraft:bone":5,"minecraft:cobbled_deepslate":14,"minecraft:beef":6,"minecraft:oak_planks":10,"minecraft:furnace":1,"minecraft:raw_iron":36,"minecraft:gravel":14,"minecraft:diorite":2,"minecraft:arrow":6,"minecraft:rotten_flesh":8,"minecraft:diamond":2,"minecraft:mutton":14,"minecraft:coal":48,"minecraft:white_wool":6,"minecraft:cobblestone":113},"minecraft:crafted":{"minecraft:cooked_beef":3,"minecraft:coal_block":1,"minecraft:oak_slab":6,"minecraft:oak_planks":36,"minecraft:crafting_table":2,"minecraft:wooden_pickaxe":1,"minecraft:furnace":1,"minecraft:stone_axe":1,"minecraft:cooked_mutton":9,"minecraft:air":0,"minecraft:shield":1,"minecraft:iron_axe":1,"minecraft:stick":16,"minecraft:iron_ingot":10,"minecraft:iron_pickaxe":1,"minecraft:stone_pickaxe":1,"minecraft:white_bed":2}},"DataVersion":3953}