{"stats":{"minecraft:used":{"minecraft:cooked_mutton":9,"minecraft:diorite":2,"minecraft:stone_pickaxe":59,"minecraft:wooden_pickaxe":8,"minecraft:shield":10,"minecraft:iron_chestplate":1,"minecraft:dirt":24,"minecraft:mutton":2,"minecraft:crafting_table":8,"minecraft:white_bed":2,"minecraft:granite":1,"minecraft:iron_axe":55,"minecraft:iron_pickaxe":224,"minecraft:iron_helmet":1,"minecraft:iron_boots":1,"minecraft:stone_axe":10,"minecraft:cobblestone":62,"minecraft:furnace":5,"minecraft:oak_boat":1,"minecraft:cooked_beef":3,"minecraft:cobbled_deepslate":6,"minecraft:iron_leggings":1},"minecraft:dropped":{"minecraft:gravel":7,"minecraft:stone_axe":1,"minecraft:oak_slab":6,"minecraft:raw_copper":16,"minecraft:rotten_flesh":3,"minecraft:granite":7,"minecraft:flint":1,"minecraft:andesite":2,"minecraft:stone_pickaxe":1,"minecraft:wooden_pickaxe":1},"minecraft:killed_by":{"minecraft:zombie":1},"minecraft:mined":{"minecraft:diamond_ore":1,"minecraft:deepslate_diamond_ore":4,"minecraft:crafting_table":6,"minecraft:granite":8,"minecraft:short_grass":2,"minecraft:grass_block":2,"minecraft:tall_grass":1,"minecraft:copper_ore":2,"minecraft:cobblestone":2,"minecraft:deepslate_coal_ore":2,"minecraft:diorite":2,"minecraft:furnace":3,"minecraft:iron_ore":33,"minecraft:andesite":10,"minecraft:oak_log":15,"minecraft:coal_ore":46,"minecraft:deepslate_iron_ore":10,"minecraft:dirt":1,"minecraft:stone":143,"minecraft:oak_leaves":1,"minecraft:deepslate":25},"minecraft:custom":{"minecraft:interact_with_furnace":33,"minecraft:mob_kills":37,"minecraft:interact_with_crafting_table":21,"minecraft:leave_game":1,"minecraft:time_since_death":40572,"minecraft:sleep_in_bed":2,"minecraft:time_since_rest":27956,"minecraft:sprint_one_cm":145838,"minecraft:damage_taken":1122,"minecraft:walk_one_cm":157451,"minecraft:damage_blocked_by_shield":898,"minecraft:drop":13,"minecraft:damage_dealt":4806,"minecraft:swim_one_cm":1269,"minecraft:fly_one_cm":38952,"minecraft:crouch_one_cm":14374,"minecraft:play_time":43688,"minecraft:deaths":1,"minecraft:sneak_time":5658,"minecraft:walk_under_water_one_cm":322,"minecraft:boat_one_cm":32343,"minecraft:jump":703,"minecraft:walk_on_water_one_cm":3078,"minecraft:total_world_time":43688,"minecraft:fall_one_cm":7761},"minecraft:killed":{"minecraft:pig":2,"minecraft:sheep":17,"minecraft:skeleton":4,"minecraft:zombie":8,"minecraft:cow":5},"minecraft:picked_up":{"minecraft:crafting_table":6,"minecraft:andesite":7,"minecraft:brown_wool":1,"minecraft:leather":5,"minecraft:flint":2,"minecraft:oak_log":15,"minecraft:gunpowder":1,"minecraft:dirt":27,"minecraft:raw_copper":16,"minecraft:bone":5,"minecraft:cobbled_deepslate":15,"minecraft:oak_boat":1,"minecraft:beef":13,"minecraft:oak_planks":10,"minecraft:furnace":3,"minecraft:raw_iron":43,"minecraft:gravel":14,"minecraft:porkchop":3,"minecraft:diorite":2,"minecraft:arrow":6,"minecraft:rotten_flesh":13,"minecraft:diamond":5,"minecraft:granite":8,"minecraft:gray_wool":1,"minecraft:black_wool":1,"minecraft:mutton":26,"minecraft:coal":59,"minecraft:white_wool":14,"minecraft:cobblestone":150},"minecraft:crafted":{"minecraft:cooked_beef":3,"minecraft:coal_block":1,"minecraft:oak_slab":6,"minecraft:oak_planks":60,"minecraft:crafting_table":2,"minecraft:wooden_pickaxe":1,"minecraft:iron_helmet":1,"minecraft:furnace":2,"minecraft:stone_axe":1,"minecraft:cooked_mutton":9,"minecraft:air":0,"minecraft:oak_boat":1,"minecraft:iron_boots":1,"minecraft:iron_chestplate":1,"minecraft:shield":1,"minecraft:iron_axe":1,"minecraft:stick":16,"minecraft:iron_ingot":36,"minecraft:iron_pickaxe":1,"minecraft:stone_pickaxe":1,"minecraft:iron_leggings":1,"minecraft:white_bed":2}},"DataVersion":3953}