{"stats":{"minecraft:dropped":{"minecraft:oak_slab":6},"minecraft:mined":{"minecraft:short_grass":1,"minecraft:crafting_table":1},"minecraft:custom":{"minecraft:time_since_rest":1853,"minecraft:crouch_one_cm":50,"minecraft:play_time":1853,"minecraft:sprint_one_cm":5167,"minecraft:damage_taken":50,"minecraft:walk_one_cm":5654,"minecraft:sneak_time":24,"minecraft:mob_kills":4,"minecraft:drop":1,"minecraft:jump":61,"minecraft:damage_dealt":383,"minecraft:time_since_death":1853,"minecraft:total_world_time":1853,"minecraft:interact_with_crafting_table":2,"minecraft:fall_one_cm":836,"minecraft:fly_one_cm":2202},"minecraft:killed":{"minecraft:sheep":3,"minecraft:cow":1},"minecraft:crafted":{"minecraft:oak_slab":6,"minecraft:stick":4},"minecraft:picked_up":{"minecraft:crafting_table":1,"minecraft:leather":1,"minecraft:beef":3,"minecraft:mutton":5,"minecraft:oak_planks":7,"minecraft:white_wool":3}},"DataVersion":3953}