{"stats":{"minecraft:custom":{"minecraft:mob_kills":37,"minecraft:interact_with_crafting_table":17,"minecraft:bell_ring":8,"minecraft:leave_game":3,"minecraft:time_since_death":3566,"minecraft:climb_one_cm":1512,"minecraft:sprint_one_cm":450881,"minecraft:walk_one_cm":270749,"minecraft:damage_blocked_by_shield":397,"minecraft:drop":35,"minecraft:play_time":85903,"minecraft:deaths":1,"minecraft:sneak_time":8110,"minecraft:walk_under_water_one_cm":5714,"minecraft:boat_one_cm":68142,"minecraft:jump":1606,"minecraft:walk_on_water_one_cm":21757,"minecraft:total_world_time":85903,"minecraft:interact_with_furnace":33,"minecraft:sleep_in_bed":1,"minecraft:time_since_rest":3593,"minecraft:damage_taken":1479,"minecraft:damage_dealt":6390,"minecraft:player_kills":1,"minecraft:swim_one_cm":2701,"minecraft:fly_one_cm":159930,"minecraft:crouch_one_cm":22223,"minecraft:fall_one_cm":26552},"minecraft:mined":{"minecraft:tuff":5,"minecraft:white_bed":3,"minecraft:deepslate_diamond_ore":40,"minecraft:oak_door":1,"minecraft:ladder":1,"minecraft:granite":1,"minecraft:acacia_log":6,"minecraft:grass_block":7,"minecraft:composter":1,"minecraft:furnace":3,"minecraft:cobbled_deepslate":4,"minecraft:iron_ore":26,"minecraft:fire":6,"minecraft:andesite":14,"minecraft:deepslate_lapis_ore":1,"minecraft:bell":1,"minecraft:potatoes":1,"minecraft:pointed_dripstone":3,"minecraft:deepslate_iron_ore":15,"minecraft:dirt_path":2,"minecraft:stone":141,"minecraft:white_wool":2,"minecraft:dandelion":1,"minecraft:crafting_table":6,"minecraft:short_grass":16,"minecraft:tall_grass":2,"minecraft:cobblestone":18,"minecraft:deepslate_gold_ore":7,"minecraft:sugar_cane":11,"minecraft:oak_planks":13,"minecraft:diorite":11,"minecraft:stripped_oak_wood":1,"minecraft:coal_ore":13,"minecraft:oak_log":6,"minecraft:gravel":6,"minecraft:dirt":25,"minecraft:acacia_planks":1,"minecraft:deepslate_emerald_ore":1,"minecraft:deepslate":21},"minecraft:crafted":{"minecraft:oak_planks":28,"minecraft:furnace":1,"minecraft:cooked_mutton":8,"minecraft:diamond_helmet":1,"minecraft:diamond_leggings":1,"minecraft:iron_axe":1,"minecraft:stone_pickaxe":2,"minecraft:diamond_boots":1,"minecraft:oak_button":9,"minecraft:stone_hoe":1,"minecraft:cooked_beef":9,"minecraft:cooked_porkchop":13,"minecraft:crafting_table":1,"minecraft:wooden_pickaxe":1,"minecraft:iron_helmet":1,"minecraft:stone_axe":1,"minecraft:air":0,"minecraft:oak_boat":1,"minecraft:paper":15,"minecraft:diamond_pickaxe":1,"minecraft:shield":1,"minecraft:stick":20,"minecraft:iron_ingot":12,"minecraft:iron_pickaxe":1,"minecraft:stone_sword":1,"minecraft:white_bed":1,"minecraft:acacia_planks":32,"minecraft:diamond_chestplate":1},"minecraft:killed_by":{"minecraft:player":1},"minecraft:picked_up":{"minecraft:crafting_table":6,"minecraft:ladder":1,"minecraft:diamond_sword":2,"minecraft:shield":1,"minecraft:string":9,"minecraft:iron_axe":2,"minecraft:diamond_leggings":1,"minecraft:cobbled_deepslate":29,"minecraft:beef":27,"minecraft:oak_boat":2,"minecraft:iron_pickaxe":4,"minecraft:sugar_cane":43,"minecraft:furnace":4,"minecraft:stick":3,"minecraft:raw_iron":70,"minecraft:oak_door":2,"minecraft:torch":4,"minecraft:acacia_log":8,"minecraft:porkchop":13,"minecraft:pointed_dripstone":6,"minecraft:diorite":11,"minecraft:diamond_chestplate":1,"minecraft:rotten_flesh":8,"minecraft:arrow":18,"minecraft:diamond_boots":1,"minecraft:mutton":8,"minecraft:rail":3,"minecraft:white_wool":10,"minecraft:cobblestone":162,"minecraft:cooked_beef":6,"minecraft:glow_ink_sac":6,"minecraft:andesite":15,"minecraft:leather":14,"minecraft:potato":3,"minecraft:tuff":5,"minecraft:oak_log":6,"minecraft:lapis_lazuli":14,"minecraft:dirt":38,"minecraft:paper":15,"minecraft:bone":10,"minecraft:acacia_planks":13,"minecraft:wheat_seeds":2,"minecraft:raw_gold":14,"minecraft:bell":1,"minecraft:stripped_oak_wood":1,"minecraft:diamond_helmet":1,"minecraft:oak_planks":13,"minecraft:cooked_porkchop":1,"minecraft:dandelion":2,"minecraft:gravel":5,"minecraft:white_bed":4,"minecraft:diamond":53,"minecraft:iron_helmet":2,"minecraft:granite":1,"minecraft:emerald":2,"minecraft:coal":22,"minecraft:diamond_pickaxe":1},"minecraft:used":{"minecraft:stone_sword":10,"minecraft:shield":13,"minecraft:bell":1,"minecraft:stone_hoe":3,"minecraft:oak_door":1,"minecraft:dirt":34,"minecraft:diamond_helmet":1,"minecraft:iron_axe":59,"minecraft:iron_helmet":1,"minecraft:diamond_chestplate":1,"minecraft:furnace":3,"minecraft:cooked_beef":3,"minecraft:potato":1,"minecraft:acacia_planks":10,"minecraft:cobbled_deepslate":22,"minecraft:pointed_dripstone":3,"minecraft:cooked_mutton":8,"minecraft:diorite":5,"minecraft:diamond_boots":1,"minecraft:stone_pickaxe":146,"minecraft:oak_planks":14,"minecraft:wooden_pickaxe":3,"minecraft:white_wool":3,"minecraft:crafting_table":6,"minecraft:white_bed":3,"minecraft:diamond_pickaxe":144,"minecraft:string":3,"minecraft:oak_button":9,"minecraft:iron_pickaxe":34,"minecraft:stone_axe":25,"minecraft:diamond_sword":30,"minecraft:cobblestone":131,"minecraft:cooked_porkchop":13,"minecraft:andesite":8,"minecraft:oak_boat":2,"minecraft:diamond_leggings":1},"minecraft:broken":{"minecraft:stone_pickaxe":1},"minecraft:dropped":{"minecraft:stone_hoe":1,"minecraft:wheat_seeds":2,"minecraft:iron_helmet":2,"minecraft:granite":1,"minecraft:rail":2,"minecraft:dirt":4,"minecraft:diorite":6,"minecraft:iron_axe":1,"minecraft:iron_pickaxe":3,"minecraft:string":3,"minecraft:dandelion":2,"minecraft:oak_door":1,"minecraft:gravel":5,"minecraft:stone_axe":1,"minecraft:stone_sword":1,"minecraft:cobbled_deepslate":7,"minecraft:tuff":5,"minecraft:pointed_dripstone":3,"minecraft:raw_iron":2,"minecraft:rotten_flesh":8,"minecraft:andesite":7,"minecraft:ladder":1,"minecraft:arrow":9,"minecraft:stone_pickaxe":1},"minecraft:killed":{"minecraft:spider":4,"minecraft:skeleton":5,"minecraft:pig":9,"minecraft:creeper":1,"minecraft:sheep":5,"minecraft:zombie":9,"minecraft:cow":4}},"DataVersion":3953}