{"stats":{"minecraft:used":{"minecraft:cooked_mutton":3,"minecraft:diorite":2,"minecraft:stone_pickaxe":52,"minecraft:wooden_pickaxe":8,"minecraft:stone_axe":7,"minecraft:dirt":23,"minecraft:crafting_table":5,"minecraft:furnace":1,"minecraft:white_bed":1},"minecraft:dropped":{"minecraft:gravel":7,"minecraft:oak_slab":6,"minecraft:andesite":2,"minecraft:rotten_flesh":2,"minecraft:wooden_pickaxe":1,"minecraft:flint":1},"minecraft:killed_by":{"minecraft:zombie":1},"minecraft:mined":{"minecraft:iron_ore":3,"minecraft:andesite":2,"minecraft:crafting_table":3,"minecraft:short_grass":2,"minecraft:grass_block":1,"minecraft:coal_ore":23,"minecraft:oak_log":9,"minecraft:dirt":1,"minecraft:stone":30,"minecraft:diorite":2,"minecraft:oak_leaves":1},"minecraft:custom":{"minecraft:time_since_rest":10768,"minecraft:interact_with_furnace":3,"minecraft:sprint_one_cm":60404,"minecraft:damage_taken":374,"minecraft:walk_one_cm":48678,"minecraft:mob_kills":9,"minecraft:drop":7,"minecraft:damage_dealt":918,"minecraft:interact_with_crafting_table":8,"minecraft:fly_one_cm":14109,"minecraft:crouch_one_cm":4789,"minecraft:play_time":13853,"minecraft:deaths":1,"minecraft:sneak_time":1942,"minecraft:jump":268,"minecraft:time_since_death":10737,"minecraft:sleep_in_bed":1,"minecraft:total_world_time":13853,"minecraft:fall_one_cm":1732},"minecraft:killed":{"minecraft:sheep":6,"minecraft:zombie":1,"minecraft:cow":1},"minecraft:picked_up":{"minecraft:raw_iron":3,"minecraft:crafting_table":3,"minecraft:andesite":2,"minecraft:leather":2,"minecraft:gravel":7,"minecraft:flint":1,"minecraft:oak_log":9,"minecraft:diorite":2,"minecraft:gunpowder":1,"minecraft:dirt":26,"minecraft:arrow":2,"minecraft:bone":2,"minecraft:rotten_flesh":2,"minecraft:beef":6,"minecraft:coal":23,"minecraft:mutton":14,"minecraft:oak_planks":10,"minecraft:white_wool":6,"minecraft:cobblestone":29},"minecraft:crafted":{"minecraft:coal_block":1,"minecraft:oak_slab":6,"minecraft:oak_planks":36,"minecraft:crafting_table":2,"minecraft:stick":12,"minecraft:wooden_pickaxe":1,"minecraft:stone_pickaxe":1,"minecraft:furnace":1,"minecraft:white_bed":1,"minecraft:stone_axe":1,"minecraft:air":0,"minecraft:cooked_mutton":9}},"DataVersion":3953}