{"stats":{"minecraft:used":{"minecraft:stone_axe":11,"minecraft:stone_sword":1,"minecraft:dirt":4,"minecraft:crafting_table":1,"minecraft:stone_pickaxe":21,"minecraft:wooden_pickaxe":4},"minecraft:dropped":{"minecraft:oak_planks":7,"minecraft:oak_sapling":2},"minecraft:mined":{"minecraft:grass_block":2,"minecraft:oak_log":15,"minecraft:dirt":8,"minecraft:stone":24,"minecraft:oak_leaves":1},"minecraft:custom":{"minecraft:time_since_rest":4730,"minecraft:crouch_one_cm":182,"minecraft:play_time":4730,"minecraft:sprint_one_cm":15838,"minecraft:damage_taken":43,"minecraft:walk_one_cm":9443,"minecraft:sneak_time":58,"minecraft:mob_kills":1,"minecraft:drop":3,"minecraft:jump":94,"minecraft:damage_dealt":150,"minecraft:leave_game":1,"minecraft:time_since_death":4730,"minecraft:total_world_time":4730,"minecraft:fall_one_cm":2208,"minecraft:interact_with_crafting_table":4,"minecraft:fly_one_cm":17338},"minecraft:killed":{"minecraft:cow":1},"minecraft:picked_up":{"minecraft:beef":2,"minecraft:oak_log":15,"minecraft:oak_sapling":3,"minecraft:cobblestone":24,"minecraft:dirt":10},"minecraft:crafted":{"minecraft:stone_sword":1,"minecraft:oak_planks":24,"minecraft:stone_axe":1,"minecraft:crafting_table":1,"minecraft:stick":8,"minecraft:wooden_pickaxe":1,"minecraft:stone_pickaxe":1}},"DataVersion":3953}