{"stats":{"minecraft:used":{"minecraft:stone_sword":5,"minecraft:stone_pickaxe":61,"minecraft:oak_planks":6,"minecraft:wooden_pickaxe":4,"minecraft:torch":23,"minecraft:stone_axe":32,"minecraft:dirt":9,"minecraft:crafting_table":2,"minecraft:furnace":1,"minecraft:cooked_porkchop":1,"minecraft:cooked_beef":2},"minecraft:dropped":{"minecraft:oak_sapling":3,"minecraft:oak_planks":7,"minecraft:wooden_pickaxe":1},"minecraft:mined":{"minecraft:furnace":1,"minecraft:iron_ore":4,"minecraft:crafting_table":1,"minecraft:short_grass":1,"minecraft:coal_ore":26,"minecraft:oak_log":15,"minecraft:grass_block":2,"minecraft:dirt":8,"minecraft:stone":33,"minecraft:oak_leaves":1},"minecraft:custom":{"minecraft:time_since_rest":17254,"minecraft:interact_with_furnace":9,"minecraft:sprint_one_cm":80270,"minecraft:damage_taken":163,"minecraft:walk_one_cm":34036,"minecraft:mob_kills":18,"minecraft:drop":5,"minecraft:damage_dealt":1930,"minecraft:swim_one_cm":10696,"minecraft:interact_with_crafting_table":5,"minecraft:fly_one_cm":80985,"minecraft:crouch_one_cm":1171,"minecraft:play_time":17254,"minecraft:sneak_time":393,"minecraft:walk_under_water_one_cm":1020,"minecraft:jump":454,"minecraft:leave_game":2,"minecraft:walk_on_water_one_cm":7623,"minecraft:time_since_death":17254,"minecraft:total_world_time":17254,"minecraft:fall_one_cm":10111},"minecraft:killed":{"minecraft:sheep":6,"minecraft:skeleton":1,"minecraft:zombie":1,"minecraft:pig":6,"minecraft:cow":4},"minecraft:picked_up":{"minecraft:raw_iron":4,"minecraft:crafting_table":1,"minecraft:leather":4,"minecraft:porkchop":13,"minecraft:oak_log":15,"minecraft:dirt":10,"minecraft:arrow":2,"minecraft:bone":1,"minecraft:beef":9,"minecraft:oak_sapling":4,"minecraft:black_wool":1,"minecraft:mutton":8,"minecraft:coal":35,"minecraft:white_wool":4,"minecraft:cobblestone":33,"minecraft:furnace":1},"minecraft:crafted":{"minecraft:cooked_beef":2,"minecraft:oak_planks":60,"minecraft:cooked_porkchop":5,"minecraft:crafting_table":2,"minecraft:stick":20,"minecraft:wooden_pickaxe":1,"minecraft:stone_pickaxe":1,"minecraft:stone_sword":1,"minecraft:furnace":1,"minecraft:torch":40,"minecraft:stone_axe":1,"minecraft:air":0}},"DataVersion":3953}