{"stats":{"minecraft:used":{"minecraft:stone_sword":7,"minecraft:stone_pickaxe":82,"minecraft:oak_planks":87,"minecraft:wooden_pickaxe":4,"minecraft:iron_chestplate":1,"minecraft:torch":43,"minecraft:dirt":12,"minecraft:crafting_table":5,"minecraft:white_bed":5,"minecraft:bread":2,"minecraft:iron_pickaxe":1,"minecraft:stone_axe":72,"minecraft:cobblestone":21,"minecraft:beef":2,"minecraft:furnace":2,"minecraft:cooked_porkchop":5,"minecraft:andesite":2,"minecraft:yellow_bed":1,"minecraft:oak_boat":1,"minecraft:cooked_beef":2},"minecraft:dropped":{"minecraft:oak_planks":7,"minecraft:oak_sapling":4,"minecraft:wooden_pickaxe":1},"minecraft:killed_by":{"minecraft:skeleton":1},"minecraft:mined":{"minecraft:white_bed":5,"minecraft:dandelion":3,"minecraft:crafting_table":3,"minecraft:torch":4,"minecraft:short_grass":15,"minecraft:grass_block":4,"minecraft:tall_grass":1,"minecraft:oak_planks":4,"minecraft:oxeye_daisy":2,"minecraft:wall_torch":3,"minecraft:pink_petals":1,"minecraft:hay_block":44,"minecraft:furnace":2,"minecraft:iron_ore":18,"minecraft:fire":1,"minecraft:andesite":2,"minecraft:yellow_bed":2,"minecraft:coal_ore":26,"minecraft:oak_log":36,"minecraft:dirt":8,"minecraft:stripped_oak_log":4,"minecraft:stone":38,"minecraft:oak_leaves":1},"minecraft:custom":{"minecraft:interact_with_furnace":17,"minecraft:mob_kills":29,"minecraft:interact_with_crafting_table":11,"minecraft:bell_ring":23,"minecraft:leave_game":2,"minecraft:time_since_death":13638,"minecraft:sleep_in_bed":1,"minecraft:time_since_rest":11537,"minecraft:sprint_one_cm":216627,"minecraft:damage_taken":678,"minecraft:walk_one_cm":102882,"minecraft:drop":6,"minecraft:damage_dealt":2930,"minecraft:swim_one_cm":11443,"minecraft:fly_one_cm":225716,"minecraft:crouch_one_cm":2267,"minecraft:play_time":45286,"minecraft:deaths":1,"minecraft:sneak_time":758,"minecraft:walk_under_water_one_cm":1426,"minecraft:boat_one_cm":22426,"minecraft:jump":1226,"minecraft:walk_on_water_one_cm":7919,"minecraft:total_world_time":45286,"minecraft:fall_one_cm":27087},"minecraft:killed":{"minecraft:pig":10,"minecraft:sheep":12,"minecraft:skeleton":1,"minecraft:zombie":1,"minecraft:cow":5},"minecraft:crafted":{"minecraft:cooked_beef":2,"minecraft:oak_planks":160,"minecraft:cooked_porkchop":5,"minecraft:crafting_table":3,"minecraft:wooden_pickaxe":1,"minecraft:iron_helmet":1,"minecraft:furnace":1,"minecraft:stone_axe":1,"minecraft:bread":132,"minecraft:air":0,"minecraft:oak_boat":1,"minecraft:iron_boots":1,"minecraft:iron_chestplate":1,"minecraft:stick":20,"minecraft:iron_ingot":10,"minecraft:iron_pickaxe":1,"minecraft:stone_pickaxe":1,"minecraft:stone_sword":1,"minecraft:iron_leggings":1,"minecraft:torch":40,"minecraft:wheat":396},"minecraft:picked_up":{"minecraft:stripped_oak_log":4,"minecraft:crafting_table":3,"minecraft:wheat":2,"minecraft:andesite":2,"minecraft:leather":8,"minecraft:oak_log":36,"minecraft:yellow_bed":2,"minecraft:dirt":12,"minecraft:bone":2,"minecraft:wheat_seeds":1,"minecraft:beef":18,"minecraft:stone_pickaxe":1,"minecraft:oak_boat":2,"minecraft:oak_planks":21,"minecraft:furnace":3,"minecraft:stick":3,"minecraft:raw_iron":44,"minecraft:torch":13,"minecraft:dandelion":3,"minecraft:porkchop":37,"minecraft:white_bed":5,"minecraft:stone_sword":1,"minecraft:arrow":4,"minecraft:stone_axe":1,"minecraft:hay_block":88,"minecraft:oak_sapling":4,"minecraft:black_wool":2,"minecraft:mutton":35,"minecraft:coal":63,"minecraft:white_wool":17,"minecraft:cobblestone":55,"minecraft:oxeye_daisy":2}},"DataVersion":3953}