{"stats":{"minecraft:custom":{"minecraft:mob_kills":96,"minecraft:interact_with_crafting_table":24,"minecraft:leave_game":6,"minecraft:time_since_death":2281,"minecraft:climb_one_cm":787,"minecraft:sprint_one_cm":274945,"minecraft:walk_one_cm":222191,"minecraft:drop":40,"minecraft:play_time":92328,"minecraft:deaths":2,"minecraft:sneak_time":6491,"minecraft:walk_under_water_one_cm":5225,"minecraft:boat_one_cm":111397,"minecraft:jump":1781,"minecraft:walk_on_water_one_cm":25646,"minecraft:total_world_time":92328,"minecraft:interact_with_furnace":80,"minecraft:sleep_in_bed":1,"minecraft:time_since_rest":2462,"minecraft:damage_taken":2353,"minecraft:damage_dealt":16817,"minecraft:player_kills":2,"minecraft:swim_one_cm":9487,"minecraft:fly_one_cm":424644,"minecraft:open_chest":6,"minecraft:crouch_one_cm":19946,"minecraft:fall_one_cm":42114},"minecraft:mined":{"minecraft:tuff":2,"minecraft:deepslate_diamond_ore":33,"minecraft:acacia_log":22,"minecraft:grass_block":3,"minecraft:spawner":1,"minecraft:furnace":4,"minecraft:iron_ore":36,"minecraft:cobbled_deepslate":6,"minecraft:deepslate_lapis_ore":10,"minecraft:deepslate_iron_ore":37,"minecraft:stone":66,"minecraft:dandelion":16,"minecraft:crafting_table":4,"minecraft:short_grass":27,"minecraft:cobblestone":2,"minecraft:tall_grass":7,"minecraft:deepslate_gold_ore":6,"minecraft:oak_planks":1,"minecraft:diorite":1,"minecraft:oak_log":11,"minecraft:coal_ore":11,"minecraft:dirt":26,"minecraft:acacia_planks":4,"minecraft:oak_leaves":3,"minecraft:deepslate":52},"minecraft:crafted":{"minecraft:cooked_chicken":3,"minecraft:furnace":2,"minecraft:cooked_mutton":9,"minecraft:diamond_helmet":1,"minecraft:diamond_leggings":1,"minecraft:iron_boots":1,"minecraft:stone_pickaxe":1,"minecraft:diamond_boots":1,"minecraft:cooked_beef":8,"minecraft:diamond_sword":1,"minecraft:cooked_porkchop":10,"minecraft:diamond_axe":1,"minecraft:crafting_table":2,"minecraft:wooden_pickaxe":1,"minecraft:iron_helmet":1,"minecraft:iron_sword":1,"minecraft:stone_axe":1,"minecraft:acacia_boat":1,"minecraft:air":0,"minecraft:iron_chestplate":1,"minecraft:diamond_pickaxe":1,"minecraft:stick":20,"minecraft:iron_ingot":50,"minecraft:iron_pickaxe":1,"minecraft:iron_leggings":1,"minecraft:acacia_planks":88,"minecraft:diamond_chestplate":1},"minecraft:killed_by":{"minecraft:player":1,"minecraft:zombie":1},"minecraft:picked_up":{"minecraft:wooden_axe":1,"minecraft:crafting_table":7,"minecraft:iron_chestplate":1,"minecraft:chicken":5,"minecraft:diamond_sword":1,"minecraft:wooden_pickaxe":1,"minecraft:enchanted_book":2,"minecraft:string":20,"minecraft:iron_leggings":1,"minecraft:diamond_leggings":1,"minecraft:cobbled_deepslate":59,"minecraft:beef":8,"minecraft:oak_boat":2,"minecraft:light_gray_wool":1,"minecraft:iron_boots":1,"minecraft:furnace":6,"minecraft:raw_iron":126,"minecraft:stick":18,"minecraft:acacia_log":22,"minecraft:porkchop":10,"minecraft:diorite":2,"minecraft:rotten_flesh":62,"minecraft:arrow":30,"minecraft:diamond_chestplate":1,"minecraft:diamond_boots":1,"minecraft:mutton":9,"minecraft:white_wool":6,"minecraft:cobblestone":75,"minecraft:feather":3,"minecraft:cooked_beef":6,"minecraft:andesite":2,"minecraft:brown_wool":1,"minecraft:leather":9,"minecraft:potato":1,"minecraft:tuff":2,"minecraft:oak_log":10,"minecraft:lily_pad":2,"minecraft:gunpowder":22,"minecraft:acacia_boat":3,"minecraft:lapis_lazuli":150,"minecraft:dirt":51,"minecraft:bone":26,"minecraft:acacia_planks":34,"minecraft:wheat_seeds":2,"minecraft:raw_gold":12,"minecraft:iron_ingot":28,"minecraft:stone_pickaxe":2,"minecraft:diamond_helmet":1,"minecraft:acacia_sapling":2,"minecraft:oak_planks":2,"minecraft:iron_sword":1,"minecraft:dandelion":16,"minecraft:spider_eye":5,"minecraft:leather_helmet":1,"minecraft:diamond":71,"minecraft:stone_axe":1,"minecraft:iron_helmet":1,"minecraft:diamond_axe":1,"minecraft:golden_apple":4,"minecraft:coal":26,"minecraft:diamond_pickaxe":1},"minecraft:used":{"minecraft:iron_sword":203,"minecraft:cooked_chicken":3,"minecraft:rotten_flesh":4,"minecraft:dirt":44,"minecraft:wooden_axe":2,"minecraft:iron_helmet":1,"minecraft:light_gray_wool":1,"minecraft:furnace":4,"minecraft:cooked_beef":5,"minecraft:acacia_planks":50,"minecraft:cobbled_deepslate":59,"minecraft:iron_leggings":1,"minecraft:cooked_mutton":9,"minecraft:acacia_boat":2,"minecraft:diorite":1,"minecraft:stone_pickaxe":45,"minecraft:wooden_pickaxe":11,"minecraft:diamond_axe":33,"minecraft:crafting_table":6,"minecraft:iron_pickaxe":211,"minecraft:stone_axe":78,"minecraft:diamond_sword":38,"minecraft:cobblestone":9,"minecraft:cooked_porkchop":10},"minecraft:broken":{"minecraft:stone_axe":1},"minecraft:dropped":{"minecraft:enchanted_book":1,"minecraft:iron_sword":1,"minecraft:wheat_seeds":2,"minecraft:cooked_beef":3,"minecraft:iron_helmet":1,"minecraft:dirt":4,"minecraft:diorite":1,"minecraft:wooden_axe":1,"minecraft:brown_wool":1,"minecraft:iron_leggings":1,"minecraft:iron_pickaxe":1,"minecraft:string":7,"minecraft:lily_pad":2,"minecraft:dandelion":16,"minecraft:bone":1,"minecraft:tuff":2,"minecraft:rotten_flesh":58,"minecraft:oak_planks":1,"minecraft:iron_boots":1,"minecraft:potato":1,"minecraft:iron_chestplate":1,"minecraft:andesite":1,"minecraft:oak_boat":1,"minecraft:acacia_sapling":2,"minecraft:spider_eye":1,"minecraft:stone_pickaxe":2,"minecraft:wooden_pickaxe":1},"minecraft:killed":{"minecraft:spider":11,"minecraft:skeleton":15,"minecraft:chicken":4,"minecraft:pig":6,"minecraft:zombie_villager":2,"minecraft:creeper":6,"minecraft:sheep":6,"minecraft:zombie":41,"minecraft:cow":4}},"DataVersion":3953}