{"stats":{"minecraft:used":{"minecraft:stone_sword":5,"minecraft:stone_pickaxe":79,"minecraft:oak_planks":7,"minecraft:wooden_pickaxe":4,"minecraft:torch":32,"minecraft:stone_axe":40,"minecraft:dirt":10,"minecraft:cobblestone":2,"minecraft:crafting_table":3,"minecraft:furnace":1,"minecraft:cooked_porkchop":3,"minecraft:andesite":2,"minecraft:oak_boat":1,"minecraft:cooked_beef":2},"minecraft:dropped":{"minecraft:oak_sapling":4,"minecraft:oak_planks":7,"minecraft:wooden_pickaxe":1},"minecraft:mined":{"minecraft:hay_block":4,"minecraft:furnace":1,"minecraft:iron_ore":15,"minecraft:andesite":2,"minecraft:crafting_table":1,"minecraft:short_grass":2,"minecraft:grass_block":2,"minecraft:oak_log":15,"minecraft:coal_ore":26,"minecraft:dirt":8,"minecraft:stone":38,"minecraft:oak_leaves":1},"minecraft:custom":{"minecraft:time_since_rest":27286,"minecraft:interact_with_furnace":9,"minecraft:sprint_one_cm":146359,"minecraft:damage_taken":173,"minecraft:walk_one_cm":54190,"minecraft:mob_kills":26,"minecraft:drop":6,"minecraft:damage_dealt":2650,"minecraft:swim_one_cm":11443,"minecraft:interact_with_crafting_table":6,"minecraft:fly_one_cm":169696,"minecraft:play_time":27286,"minecraft:crouch_one_cm":1303,"minecraft:sneak_time":437,"minecraft:walk_under_water_one_cm":1426,"minecraft:boat_one_cm":22426,"minecraft:jump":864,"minecraft:leave_game":2,"minecraft:time_since_death":27286,"minecraft:walk_on_water_one_cm":7919,"minecraft:total_world_time":27286,"minecraft:fall_one_cm":19690},"minecraft:killed":{"minecraft:sheep":10,"minecraft:skeleton":1,"minecraft:zombie":1,"minecraft:pig":10,"minecraft:cow":4},"minecraft:picked_up":{"minecraft:crafting_table":1,"minecraft:raw_iron":15,"minecraft:wheat":1,"minecraft:andesite":2,"minecraft:leather":4,"minecraft:torch":1,"minecraft:porkchop":21,"minecraft:oak_log":15,"minecraft:dirt":10,"minecraft:bone":1,"minecraft:arrow":2,"minecraft:hay_block":4,"minecraft:beef":9,"minecraft:oak_boat":1,"minecraft:oak_sapling":4,"minecraft:black_wool":2,"minecraft:mutton":15,"minecraft:coal":35,"minecraft:white_wool":7,"minecraft:cobblestone":38,"minecraft:furnace":1},"minecraft:crafted":{"minecraft:cooked_beef":2,"minecraft:oak_boat":1,"minecraft:oak_planks":60,"minecraft:cooked_porkchop":5,"minecraft:crafting_table":2,"minecraft:stick":20,"minecraft:wooden_pickaxe":1,"minecraft:stone_pickaxe":1,"minecraft:stone_sword":1,"minecraft:furnace":1,"minecraft:torch":40,"minecraft:stone_axe":1,"minecraft:air":0}},"DataVersion":3953}